,Multi-Factor Strategy,SPY Benchmark
Annualized Return,0.25494936006233115,0.13839987976362944
Annualized Volatility,0.18574551718737187,0.17626085462247035
Sharpe Ratio,1.3161946485246858,0.8239382377734222
Maximum Drawdown,-0.2823772498509436,-0.3371725940589356
Annualized Excess Return,0.11654948029870171,0.11654948029870171
